{"cameraMode":{"drawMode":0,"name":"Shaded","section":"Shading Mode"},"sceneLighting":true,"audioPlay":false,"sceneViewState":{"m_AlwaysRefresh":false,"showFog":true,"showSkybox":true,"showFlares":true,"showImageEffects":true,"showParticleSystems":true,"showVisualEffectGraphs":true,"m_FxEnabled":true},"in2DMode":false,"pivot":{"x":15.668280601501465,"y":-0.9114172458648682,"z":-1.3287913799285889},"rotation":{"x":0.021595316007733346,"y":0.975683331489563,"z":-0.11289862543344498,"w":0.1866297572851181},"size":3.5928614139556886,"orthographic":false}